TweetID,User,Location,Date,Tweet
1,UserA,New York,2024-09-01,Breaking: The Eiffel Tower is being relocated to Las Vegas next year.
2,UserB,London,2024-09-01,NASA confirms water found on Mars!
3,UserC,Paris,2024-09-01,"Vaccines cause autism, according to a new study."
4,UserD,Berlin,2024-09-01,The World Health Organization declares COVID-19 officially over.
5,UserE,Tokyo,2024-09-01,"Polar bears are thriving, with their population increasing by 30% this year."
6,UserF,Sydney,2024-09-01,A meteor shower will be visible across the northern hemisphere tonight.
7,UserG,Los Angeles,2024-09-01,Bill Gates has announced plans to run for President of the United States.
8,UserH,Rome,2024-09-01,"The Great Wall of China is visible from space, according to astronauts."
9,UserI,Moscow,2024-09-01,"A massive solar storm will hit Earth next week, causing widespread power outages."
10,UserJ,Mumbai,2024-09-01,The Amazon rainforest is now fully protected under new international laws.
